<?xml version="1.0" encoding="UTF-8"?>
<ivy-module version="2.0" xmlns:m="http://ant.apache.org/ivy/maven">
	<info organisation="com.typesafe"
		module="jse_2.10"
		revision="1.1.2"
		status="release"
		publication="20150615045510"
	>
		<license name="Apache-2.0" url="http://www.apache.org/licenses/LICENSE-2.0.html" />
		<description homepage="https://github.com/typesafehub/js-engine">
		jse
		</description>
	</info>
	<configurations>
		<conf name="default" visibility="public" description="runtime dependencies and master artifact can be used with this conf" extends="runtime,master"/>
		<conf name="master" visibility="public" description="contains only the artifact published by this module itself, with no transitive dependencies"/>
		<conf name="compile" visibility="public" description="this is the default scope, used if none is specified. Compile dependencies are available in all classpaths."/>
		<conf name="provided" visibility="public" description="this is much like compile, but indicates you expect the JDK or a container to provide it. It is only available on the compilation classpath, and is not transitive."/>
		<conf name="runtime" visibility="public" description="this scope indicates that the dependency is not required for compilation, but is for execution. It is in the runtime and test classpaths, but not the compile classpath." extends="compile"/>
		<conf name="test" visibility="private" description="this scope indicates that the dependency is not required for normal use of the application, and is only available for the test compilation and execution phases." extends="runtime"/>
		<conf name="system" visibility="public" description="this scope is similar to provided except that you have to provide the JAR which contains it explicitly. The artifact is always available and is not looked up in a repository."/>
		<conf name="sources" visibility="public" description="this configuration contains the source artifact of this module, if any."/>
		<conf name="javadoc" visibility="public" description="this configuration contains the javadoc artifact of this module, if any."/>
		<conf name="optional" visibility="public" description="contains all optional dependencies"/>
	</configurations>
	<publications>
		<artifact name="jse_2.10" type="jar" ext="jar" conf="master"/>
	</publications>
	<dependencies>
		<dependency org="org.scala-lang" name="scala-library" rev="2.10.4" force="true" conf="compile->compile(*),master(compile);runtime->runtime(*)"/>
		<dependency org="com.typesafe.akka" name="akka-actor_2.10" rev="2.3.11" force="true" conf="compile->compile(*),master(compile);runtime->runtime(*)"/>
		<dependency org="com.typesafe.akka" name="akka-contrib_2.10" rev="2.3.11" force="true" conf="compile->compile(*),master(compile);runtime->runtime(*)"/>
		<dependency org="io.apigee.trireme" name="trireme-core" rev="0.8.5" force="true" conf="compile->compile(*),master(compile);runtime->runtime(*)"/>
		<dependency org="io.apigee.trireme" name="trireme-node10src" rev="0.8.5" force="true" conf="compile->compile(*),master(compile);runtime->runtime(*)"/>
		<dependency org="io.spray" name="spray-json_2.10" rev="1.3.2" force="true" conf="compile->compile(*),master(compile);runtime->runtime(*)"/>
		<dependency org="org.slf4j" name="slf4j-simple" rev="1.7.12" force="true" conf="compile->compile(*),master(compile);runtime->runtime(*)"/>
		<dependency org="org.specs2" name="specs2-core_2.10" rev="3.6" force="true" conf="test->runtime(*),master(compile)"/>
		<dependency org="junit" name="junit" rev="4.12" force="true" conf="test->runtime(*),master(compile)"/>
		<dependency org="com.typesafe.akka" name="akka-testkit_2.10" rev="2.3.11" force="true" conf="test->runtime(*),master(compile)"/>
	</dependencies>
</ivy-module>
